id,AudioData



1,"[[ 0.00360107  0.003479  ]
 [ 0.00390625  0.00372314]
 [ 0.00219727  0.00213623]
 ...
 [-0.01779175 -0.0177002 ]
 [-0.01489258 -0.01470947]
 [-0.01882935 -0.01861572]]"
